{
  "$schema": "https://schema.management.azure.com/schemas/2015-01-01/deploymentTemplate.json#",
  "contentVersion": "1.0.0.0",
  "parameters": {
    "envName": {
      "type": "string",
      "metadata": {
        "description": "Please provide your environment name. It might be like this : Microsoft > msft"
      }
    },
    "vNETAddress": {
      "type": "string",
      "metadata": {
        "description": "Please provide your Virtual Network Address Prefix. It should be like this : 192.168.0 "
      }
    },
    "domainName": {
      "type": "string",
      "metadata": {
        "description": "Please provide your domain name. It might be like this : msft.com "
      }
    },
    "userName": {
      "type": "string",
      "metadata": {
        "description": "Please provide your windows user name. It shoudl be different Administrator: Mike"
      }
    },
    "userPassword": {
      "type": "securestring",
      "metadata": {
        "description": "Please provide your windows user's password. It shoudl be different Administrator: Mike!s201"
      }
    },
    "DSC_domain_1_URL": {
      "type": "string"
    }
  },
  "variables": {
    "vnetID": "[resourceId(resourceGroup().name,'Microsoft.Network/virtualNetworks/',variables('vNETInfo').vNETName)]",
    "build_DC01": {
      "vmSize": "Standard_F2s",
      "vMName": "[concat(parameters('envName'),'-dc-01')]",
      "vmPIPName": "[concat(parameters('envName'),'-dc-pip-01')]",
      "vmNicName": "[concat(parameters('envName'),'-dc-nic-01')]",
      "vmNicIP": "[concat(parameters('vNETAddress'), '.135')]",
      "vmNSGName": "[concat(parameters('envName'),'-dc-nsg-01')]",
      "vmAVName": "[concat(parameters('envName'),'-dc-av-01')]",
      "VMDscName": "CreateADPDC",
      "VmDscArchive": "[parameters('DSC_domain_1_URL')]",
      "VmDscScript": "createadpdc.ps1",
      "VmDscFunction": "\\CreateADPDC",
      "vmNSGId": "[resourceId('Microsoft.Network/networkSecurityGroups', concat(parameters('envName'), '-dc-nsg-01'))]",
      "vmPIPId": "[resourceId('Microsoft.Network/publicIPAddresses', concat(parameters('envName'), '-dc-pip-01'))]",
      "vmDiagStorageName": "[concat(uniquestring(resourceGroup().id), 'diagstr')]",
      "virtualNetworkId": "[variables('vnetID')]",
      "virtualNetworkSubnetId": "[concat(variables('vnetID'),'/subnets/',concat(parameters('envName'), '-Application-Subnet'))]",
      "resourceLocation": "[resourceGroup().location]"
    },
    "vNETInfo": {
      "vNETName": "[concat(parameters('envName'),'-vn-01')]",
      "vNETAddress": "[concat(parameters('vNETAddress'),'.0/24')]",
      "vNETAZSubnetName": "AzureFirewallSubnet",
      "vNETSub01Name": "[concat(parameters('envName'),'-Application-Subnet')]",
      "vNETSub02Name": "[concat(parameters('envName'),'-Mangement-Subnet')]",
      "vNETAZSubnet": "[concat(parameters('vNETAddress'),'.0/25')]",
      "vNETSub01": "[concat(parameters('vNETAddress'),'.128/26')]",
      "vNETSub02": "[concat(parameters('vNETAddress'),'.192/26')]",
      "resourceLocation": "[resourceGroup().location]"
    }
  },
  "resources": [
    {
      "type": "Microsoft.Storage/storageAccounts",
      "name": "[variables('build_DC01').vmDiagStorageName]",
      "location": "[variables('build_DC01').resourceLocation]",
      "apiVersion": "2018-07-01",
      "sku": {
        "name": "Standard_LRS"
      },
      "kind": "Storage",
      "properties": {}
    },
    {
      "type": "Microsoft.Compute/availabilitySets",
      "name": "[variables('build_DC01').vmAVName]",
      "apiVersion": "2016-04-30-preview",
      "location": "[variables('build_DC01').resourceLocation]",
      "sku": {
        "name": "Aligned"
      },
      "properties": {
        "platformUpdateDomainCount": 5,
        "platformFaultDomainCount": 2
      }
    },
    {
      "apiVersion": "2018-10-01",
      "type": "Microsoft.Network/networkSecurityGroups",
      "name": "[variables('build_DC01').vmNSGName]",
      "location": "[variables('build_DC01').resourceLocation]",
      "properties": {
        "securityRules": [
          {
            "name": "rdp_rule",
            "properties": {
              "description": "Allow RDP",
              "protocol": "Tcp",
              "sourcePortRange": "*",
              "destinationPortRange": "3389",
              "sourceAddressPrefix": "Internet",
              "destinationAddressPrefix": "*",
              "access": "Allow",
              "priority": 100,
              "direction": "Inbound"
            }
          }
        ]
      }
    },
    {
      "type": "Microsoft.Network/publicIPAddresses",
      "name": "[variables('build_DC01').vmPIPName]",
      "location": "[variables('build_DC01').resourceLocation]",
      "apiVersion": "2018-10-01",
      "properties": {
        "publicIPAllocationMethod": "Static"
      }
    },
    {
      "apiVersion": "2017-11-01",
      "type": "Microsoft.Network/networkInterfaces",
      "name": "[variables('build_DC01').vmNicName]",
      "location": "[variables('build_DC01').resourceLocation]",
      "properties": {
        "ipConfigurations": [
          {
            "name": "ipConfigDC",
            "properties": {
              "publicIPAddress": {
                "id": "[resourceId('Microsoft.Network/publicIPAddresses',variables('build_DC01').vmPIPName)]"
              },
              "privateIPAllocationMethod": "Static",
              "privateIPAddress": "[variables('build_DC01').vmNicIP]",
              "subnet": {
                "id": "[variables('build_DC01').virtualNetworkSubnetId]"
              }
            }
          }
        ],
        "networkSecurityGroup": {
          "id": "[variables('build_DC01').vmNSGId]"
        }
      },
      "dependsOn": [
        "[variables('build_DC01').vmPIPId]"
      ]
    },
    {
      "type": "Microsoft.Compute/virtualMachines",
      "name": "[variables('build_DC01').vMName]",
      "location": "[variables('build_DC01').resourceLocation]",
      "apiVersion": "2018-10-01",
      "dependsOn": [
        "[resourceId('Microsoft.Storage/storageAccounts/', variables('build_DC01').vmDiagStorageName)]",
        "[resourceId('Microsoft.Network/networkInterfaces/', variables('build_DC01').vmNicName)]",
        "[resourceId('Microsoft.Compute/availabilitySets/', variables('build_DC01').vmAVName)]"
      ],
      "properties": {
        "availabilitySet": {
          "id": "[concat(resourceId('Microsoft.Compute/availabilitySets/', variables('build_DC01').vmAVName))]"
        },
        "hardwareProfile": {
          "vmSize": "[variables('build_DC01').vmSize]"
        },
        "osProfile": {
          "computerName": "[variables('build_DC01').vMName]",
          "adminUsername": "[parameters('userName')]",
          "adminPassword": "[parameters('userPassword')]"
        },
        "storageProfile": {
          "imageReference": {
            "publisher": "MicrosoftWindowsServer",
            "offer": "WindowsServer",
            "sku": "2016-Datacenter",
            "version": "latest"
          },
          "osDisk": {
            "name": "[concat(parameters('envName'),'-OsDisk-01')]",
            "createOption": "FromImage"
          },
          "dataDisks": [
            {
              "name": "[concat(parameters('envName'),'-DataDisk-01')]",
              "diskSizeGB": 10,
              "lun": 0,
              "createOption": "Empty"
            }
          ]
        },
        "networkProfile": {
          "networkInterfaces": [
            {
              "id": "[resourceId('Microsoft.Network/networkInterfaces',variables('build_DC01').vmNicName)]"
            }
          ]
        },
        "diagnosticsProfile": {
          "bootDiagnostics": {
            "enabled": true,
            "storageUri": "[reference(resourceId('Microsoft.Storage/storageAccounts/', variables('build_DC01').vmDiagStorageName)).primaryEndpoints.blob]"
          }
        }
      },
      "resources": [
        {
          "type": "extensions",
          "name": "AD_DSC",
          "apiVersion": "2016-04-30-preview",
          "location": "[variables('build_DC01').resourceLocation]",
          "properties": {
            "publisher": "Microsoft.Powershell",
            "type": "DSC",
            "typeHandlerVersion": "2.19",
            "autoUpgradeMinorVersion": true,
            "settings": {
              "modulesUrl": "[parameters('DSC_domain_1_URL')]",
              "configurationFunction": "[concat(variables('build_DC01').VMDscScript, variables('build_DC01').VMDscFunction)]",
              "properties": {
                "domainName": "[parameters('domainName')]",
                "adminCreds": {
                  "userName": "[parameters('userName')]",
                  "password": "PrivateSettingsRef:Admin_Password"
                }
              }
            },
            "protectedSettings": {
              "items": {
                "Admin_Password": "[parameters('userPassword')]"
              }
            }
          },
          "dependsOn": [
            "[resourceId('Microsoft.Compute/virtualMachines', variables('build_DC01').VMName)]"
          ]
        },
        {
          "apiVersion": "2015-06-15",
          "type": "Microsoft.Compute/virtualMachines/extensions",
          "name": "[concat(variables('build_DC01').vMName,'/BGInfo')]",
          "location": "[variables('build_DC01').resourceLocation]",
          "dependsOn": [
            "[concat('Microsoft.Compute/virtualMachines/', variables('build_DC01').VMName)]"
          ],
          "properties": {
            "publisher": "Microsoft.Compute",
            "type": "BGInfo",
            "typeHandlerVersion": "2.1",
            "settings": {},
            "protectedSettings": null
          },
          "dependsOn": [
            "[resourceId('Microsoft.Compute/virtualMachines', variables('build_DC01').VMName)]"
          ]
        }

      ]
    },
    {
      "apiVersion": "2018-02-01",
      "type": "Microsoft.Network/virtualNetworks",
      "name": "[variables('vNETInfo').vNETName]",
      "location": "[variables('vNETInfo').resourceLocation]",
      "properties": {
        "addressSpace": {
          "addressPrefixes": [
            "[variables('vNETInfo').vNETAddress]"
          ]
        },
        "subnets": [
          {
            "name": "[variables('vNETInfo').vNETAZSubnetName]",
            "properties": {
              "addressPrefix": "[variables('vNETInfo').vNETAZSubnet]"
            }
          },
          {
            "name": "[variables('vNETInfo').vNETSub01Name]",
            "properties": {
              "addressPrefix": "[variables('vNETInfo').vNETSub01]"
            }
          },
          {
            "name": "[variables('vNETInfo').vNETSub02Name]",
            "properties": {
              "addressPrefix": "[variables('vNETInfo').vNETSub02]"
            }
          }
        ]
      }
    }
  ],
  "outputs": {

  }
}
